gettyid,prefLabel,altLabel,placeType,parentString,parentStringAbbrev,placeTypeNonPreferred,prefLabelGVP,latitude,longitude
1001654," ""Central"" ."," ""Central Province"" .", <http://vocab.getty.edu/aat/300387064; <http://vocab.getty.edu/aat/300387179; <http://vocab.getty.edu/aat/300000774," ""Kenya, Africa, World"" ."," ""Kenya, Africa, World"" .", <http://vocab.getty.edu/aat/300387064; <http://vocab.getty.edu/aat/300000774, <http://vocab.getty.edu/tgn/term/1799, -.75, 37
1001656," ""Coast"" ."," ""Coast Province"" .", <http://vocab.getty.edu/aat/300387064; <http://vocab.getty.edu/aat/300387179; <http://vocab.getty.edu/aat/300000774," ""Kenya, Africa, World"" ."," ""Kenya, Africa, World"" .", <http://vocab.getty.edu/aat/300387064; <http://vocab.getty.edu/aat/300000774, <http://vocab.getty.edu/tgn/term/1801, -2, 39.75
1001664," ""Eastern"" ."," ""Eastern Province"" .; ""Eastern Region"" .", <http://vocab.getty.edu/aat/300387064; <http://vocab.getty.edu/aat/300387179; <http://vocab.getty.edu/aat/300000774," ""Kenya, Africa, World"" ."," ""Kenya, Africa, World"" .", <http://vocab.getty.edu/aat/300387064; <http://vocab.getty.edu/aat/300000774, <http://vocab.getty.edu/tgn/term/1809, .0833, 38
1001721," ""North Eastern"" ."," ""North-Eastern Province"" .", <http://vocab.getty.edu/aat/300387064; <http://vocab.getty.edu/aat/300387179; <http://vocab.getty.edu/aat/300000774," ""Kenya, Africa, World"" ."," ""Kenya, Africa, World"" .", <http://vocab.getty.edu/aat/300387064; <http://vocab.getty.edu/aat/300000774, <http://vocab.getty.edu/tgn/term/1869, 1, 40.25
1001726," ""Nyanza"" ."," ""Nyanza Province"" .", <http://vocab.getty.edu/aat/300387064; <http://vocab.getty.edu/aat/300387179; <http://vocab.getty.edu/aat/300000774," ""Kenya, Africa, World"" ."," ""Kenya, Africa, World"" .", <http://vocab.getty.edu/aat/300387064; <http://vocab.getty.edu/aat/300000774, <http://vocab.getty.edu/tgn/term/1874, -.5, 34.5
1001738," ""Rift Valley"" ."," ""Rift Valley Province"" .", <http://vocab.getty.edu/aat/300387064; <http://vocab.getty.edu/aat/300387179; <http://vocab.getty.edu/aat/300000774," ""Kenya, Africa, World"" ."," ""Kenya, Africa, World"" .", <http://vocab.getty.edu/aat/300387064; <http://vocab.getty.edu/aat/300000774, <http://vocab.getty.edu/tgn/term/1886, .5, 36
1001772," ""Western"" ."," ""Western Province"" .", <http://vocab.getty.edu/aat/300387064; <http://vocab.getty.edu/aat/300387179; <http://vocab.getty.edu/aat/300000774," ""Kenya, Africa, World"" ."," ""Kenya, Africa, World"" .", <http://vocab.getty.edu/aat/300387064; <http://vocab.getty.edu/aat/300000774, <http://vocab.getty.edu/tgn/term/1921, .5, 34.5833
1006755," ""Central Island"" .",, <http://vocab.getty.edu/aat/300008791," ""Turkana, Kenya, Africa, World"" ."," ""Turkana, Kenya, ... World"" .",, <http://vocab.getty.edu/tgn/term/6944,,
1008015," ""Manda Island"" .",, <http://vocab.getty.edu/aat/300008791," ""Lamu, Kenya, Africa, World"" ."," ""Lamu, Kenya, ... World"" .",, <http://vocab.getty.edu/tgn/term/8223,,
1008140," ""Mfangano Island"" ."," ""Mfanganu Island"" .", <http://vocab.getty.edu/aat/300008791," ""Homa Bay, Kenya, Africa, World"" ."," ""Homa Bay, Kenya, ... World"" .",, <http://vocab.getty.edu/tgn/term/8348,,
1008379," ""North Island"" .",, <http://vocab.getty.edu/aat/300008791," ""Kenya, Africa, World"" ."," ""Kenya, Africa, World"" .",, <http://vocab.getty.edu/tgn/term/8590, 4.061558, 36.047445
1008546," ""Pate Island"" .",, <http://vocab.getty.edu/aat/300008791," ""Lamu, Kenya, Africa, World"" ."," ""Lamu, Kenya, ... World"" .",, <http://vocab.getty.edu/tgn/term/8762,,
1009226," ""South Island"" .",, <http://vocab.getty.edu/aat/300008791," ""Marsabit, Kenya, Africa, World"" ."," ""Marsabit, Kenya, ... World"" .",, <http://vocab.getty.edu/tgn/term/9452,,
1011483," ""Ngomeni, Ras"" ."," ""Ras Ngomeni"" .", <http://vocab.getty.edu/aat/300387499," ""Kilifi, Kenya, Africa, World"" ."," ""Kilifi, Kenya, ... World"" .",, <http://vocab.getty.edu/tgn/term/11753,,
1090427," ""Archers Post"" ."," ""Archer's Post"" .", <http://vocab.getty.edu/aat/300008347," ""Isiolo, Kenya, Africa, World"" ."," ""Isiolo, Kenya, ... World"" .",, <http://vocab.getty.edu/tgn/term/91330, .65, 37.6833
1090428," ""Athi River"" .",, <http://vocab.getty.edu/aat/300008347," ""Machakos, Kenya, Africa, World"" ."," ""Machakos, Kenya, ... World"" .",, <http://vocab.getty.edu/tgn/term/91331, -1.45, 36.9833
1090429," ""Bakitabu"" .",, <http://vocab.getty.edu/aat/300008347," ""Narok, Kenya, Africa, World"" ."," ""Narok, Kenya, ... World"" .",, <http://vocab.getty.edu/tgn/term/91332, -1.4833, 35.5667
1090430," ""Baragoi"" .",, <http://vocab.getty.edu/aat/300008347," ""Samburu, Kenya, Africa, World"" ."," ""Samburu, Kenya, ... World"" .",, <http://vocab.getty.edu/tgn/term/91333, 1.7833, 36.8
1090431," ""Buna"" .",, <http://vocab.getty.edu/aat/300008347," ""Wajir, Kenya, Africa, World"" ."," ""Wajir, Kenya, ... World"" .",, <http://vocab.getty.edu/tgn/term/91334, 2.8, 39.5333
1090432," ""Bungoma"" .",, <http://vocab.getty.edu/aat/300008347," ""Bungoma, Kenya, Africa, World"" ."," ""Bungoma, Kenya, ... World"" .",, <http://vocab.getty.edu/tgn/term/91335, .5667, 34.5667
1090433," ""Bura"" .",, <http://vocab.getty.edu/aat/300008347," ""Tana River, Kenya, Africa, World"" ."," ""Tana River, Kenya, ... World"" .",, <http://vocab.getty.edu/tgn/term/91336, -1.1, 39.9667
1090434," ""Butere"" .",, <http://vocab.getty.edu/aat/300008347," ""Kakamega, Kenya, Africa, World"" ."," ""Kakamega, Kenya, ... World"" .",, <http://vocab.getty.edu/tgn/term/91337, .2333, 34.5167
1090435," ""Choba"" .",, <http://vocab.getty.edu/aat/300008347," ""Marsabit, Kenya, Africa, World"" ."," ""Marsabit, Kenya, ... World"" .",, <http://vocab.getty.edu/tgn/term/91338, 2.45, 38.05
1090436," ""Dagoretti"" ."," ""Dagoreti"" .; ""Dagoretti Corner"" .", <http://vocab.getty.edu/aat/300008347," ""Nairobi City, Kenya, Africa, World"" ."," ""Nairobi City, Kenya, ... World"" .",, <http://vocab.getty.edu/tgn/term/91339, -1.3, 36.7667
1090437," ""Dif"" .",, <http://vocab.getty.edu/aat/300008347," ""Wajir, Kenya, Africa, World"" ."," ""Wajir, Kenya, ... World"" .",, <http://vocab.getty.edu/tgn/term/91340, 1, 41
1090438," ""El Roba"" .",, <http://vocab.getty.edu/aat/300008347," ""Mandera, Kenya, Africa, World"" ."," ""Mandera, Kenya, ... World"" .",, <http://vocab.getty.edu/tgn/term/91341, 3.95, 40.0167
1090439," ""El Wak"" .",, <http://vocab.getty.edu/aat/300008347," ""Mandera, Kenya, Africa, World"" ."," ""Mandera, Kenya, ... World"" .",, <http://vocab.getty.edu/tgn/term/91342, 2.8167, 40.9333
1090440," ""Eldoret"" .",, <http://vocab.getty.edu/aat/300387277; <http://vocab.getty.edu/aat/300008347; <http://vocab.getty.edu/aat/300008375," ""Uasin Gishu, Kenya, Africa, World"" ."," ""Uasin Gishu, Kenya, ... World"" .", <http://vocab.getty.edu/aat/300387277; <http://vocab.getty.edu/aat/300008375, <http://vocab.getty.edu/tgn/term/91343, .5167, 35.2833
1090441," ""Emali"" .",, <http://vocab.getty.edu/aat/300008347," ""Makueni, Kenya, Africa, World"" ."," ""Makueni, Kenya, ... World"" .",, <http://vocab.getty.edu/tgn/term/91344, -2.1, 37.4667
1090442," ""Embu"" .",, <http://vocab.getty.edu/aat/300008347; <http://vocab.getty.edu/aat/300387223; <http://vocab.getty.edu/aat/300008375; <http://vocab.getty.edu/aat/300387285," ""Embu, Kenya, Africa, World"" ."," ""Embu, Kenya, ... World"" .", <http://vocab.getty.edu/aat/300387223; <http://vocab.getty.edu/aat/300008375; <http://vocab.getty.edu/aat/300387285, <http://vocab.getty.edu/tgn/term/91345, -.5333, 37.4667
1090443," ""Garba Tula"" .",, <http://vocab.getty.edu/aat/300008347," ""Isiolo, Kenya, Africa, World"" ."," ""Isiolo, Kenya, ... World"" .",, <http://vocab.getty.edu/tgn/term/91346, .5167, 38.5
1090444," ""Garissa"" .",, <http://vocab.getty.edu/aat/300008347; <http://vocab.getty.edu/aat/300387223; <http://vocab.getty.edu/aat/300008375; <http://vocab.getty.edu/aat/300387285," ""Garissa, Kenya, Africa, World"" ."," ""Garissa, Kenya, ... World"" .", <http://vocab.getty.edu/aat/300387223; <http://vocab.getty.edu/aat/300008375; <http://vocab.getty.edu/aat/300387285, <http://vocab.getty.edu/tgn/term/91347, -.45, 39.65
1090445," ""Garsen"" .",, <http://vocab.getty.edu/aat/300008347," ""Tana River, Kenya, Africa, World"" ."," ""Tana River, Kenya, ... World"" .",, <http://vocab.getty.edu/tgn/term/91348, -2.2667, 40.1167
1090446," ""Gazi"" .",, <http://vocab.getty.edu/aat/300008347," ""Kwale, Kenya, Africa, World"" ."," ""Kwale, Kenya, ... World"" .",, <http://vocab.getty.edu/tgn/term/91349, -4.4167, 39.4833
1090447," ""Gilgil"" .",, <http://vocab.getty.edu/aat/300008347," ""Nakuru, Kenya, Africa, World"" ."," ""Nakuru, Kenya, ... World"" .",, <http://vocab.getty.edu/tgn/term/91350, -.4833, 36.3167
1090448," ""Habaswein"" .",, <http://vocab.getty.edu/aat/300008347," ""Wajir, Kenya, Africa, World"" ."," ""Wajir, Kenya, ... World"" .",, <http://vocab.getty.edu/tgn/term/91351, 1.0333, 39.5
1090449," ""Higlet"" .",, <http://vocab.getty.edu/aat/300008347," ""Garissa, Kenya, Africa, World"" ."," ""Garissa, Kenya, ... World"" .",, <http://vocab.getty.edu/tgn/term/91352, -1.0667, 40.3333
1090450," ""Hola"" .",, <http://vocab.getty.edu/aat/300008347," ""Tana River, Kenya, Africa, World"" ."," ""Tana River, Kenya, ... World"" .",, <http://vocab.getty.edu/tgn/term/91353, -1.4833, 40.0333
1090451," ""Homa Bay"" .",, <http://vocab.getty.edu/aat/300008347," ""Homa Bay, Kenya, Africa, World"" ."," ""Homa Bay, Kenya, ... World"" .",, <http://vocab.getty.edu/tgn/term/91354, -.5167, 34.5
1090452," ""Ijara"" .",, <http://vocab.getty.edu/aat/300008347," ""Garissa, Kenya, Africa, World"" ."," ""Garissa, Kenya, ... World"" .",, <http://vocab.getty.edu/tgn/term/91355, -1.5833, 40.5167
1090454," ""Isiolo"" .",, <http://vocab.getty.edu/aat/300008347," ""Isiolo, Kenya, Africa, World"" ."," ""Isiolo, Kenya, ... World"" .",, <http://vocab.getty.edu/tgn/term/91357, .3333, 37.6
1090455," ""Kajiado"" .",, <http://vocab.getty.edu/aat/300008347," ""Kajiado, Kenya, Africa, World"" ."," ""Kajiado, Kenya, ... World"" .",, <http://vocab.getty.edu/tgn/term/91358, -1.8333, 36.8
1090456," ""Kakamega"" .",, <http://vocab.getty.edu/aat/300008347; <http://vocab.getty.edu/aat/300387223; <http://vocab.getty.edu/aat/300008375," ""Kakamega, Kenya, Africa, World"" ."," ""Kakamega, Kenya, ... World"" .", <http://vocab.getty.edu/aat/300387223; <http://vocab.getty.edu/aat/300008375, <http://vocab.getty.edu/tgn/term/91359, .2833, 34.7833
1090457," ""Kakuma"" .",, <http://vocab.getty.edu/aat/300008347," ""Turkana, Kenya, Africa, World"" ."," ""Turkana, Kenya, ... World"" .",, <http://vocab.getty.edu/tgn/term/91360, 3.7167, 34.8833
1090458," ""Kaningo"" .",, <http://vocab.getty.edu/aat/300008347," ""Kitui, Kenya, Africa, World"" ."," ""Kitui, Kenya, ... World"" .",, <http://vocab.getty.edu/tgn/term/91361, -.8, 38.5333
1090459," ""Kapedo"" .",, <http://vocab.getty.edu/aat/300008347," ""Baringo, Kenya, Africa, World"" ."," ""Baringo, Kenya, ... World"" .",, <http://vocab.getty.edu/tgn/term/91362, 1.1667, 36.0667
1090460," ""Kapenguria"" .",, <http://vocab.getty.edu/aat/300008347," ""West Pokot, Kenya, Africa, World"" ."," ""West Pokot, Kenya, ... World"" .",, <http://vocab.getty.edu/tgn/term/91363, 1.2333, 35.1333
1090461," ""Kapsabet"" .",, <http://vocab.getty.edu/aat/300008347," ""Nandi, Kenya, Africa, World"" ."," ""Nandi, Kenya, ... World"" .",, <http://vocab.getty.edu/tgn/term/91364, .2, 35.0833
1090462," ""Karungu"" .",, <http://vocab.getty.edu/aat/300008347," ""Migori, Kenya, Africa, World"" ."," ""Migori, Kenya, ... World"" .",, <http://vocab.getty.edu/tgn/term/91365, -.8167, 34.1667
1090463," ""Kendu Bay"" .",, <http://vocab.getty.edu/aat/300008347," ""Homa Bay, Kenya, Africa, World"" ."," ""Homa Bay, Kenya, ... World"" .",, <http://vocab.getty.edu/tgn/term/91366, -.3667, 34.6667
1090464," ""Kericho"" .",, <http://vocab.getty.edu/aat/300008347," ""Kericho, Kenya, Africa, World"" ."," ""Kericho, Kenya, ... World"" .",, <http://vocab.getty.edu/tgn/term/91367, -.3667, 35.3167
1090465," ""Kiambu"" .",, <http://vocab.getty.edu/aat/300008347," ""Kiambu, Kenya, Africa, World"" ."," ""Kiambu, Kenya, ... World"" .",, <http://vocab.getty.edu/tgn/term/91368, -1.1667, 36.85
1090466," ""Kiboko"" .",, <http://vocab.getty.edu/aat/300008347; <http://vocab.getty.edu/aat/300007783," ""Kajiado, Kenya, Africa, World"" ."," ""Kajiado, Kenya, ... World"" .", <http://vocab.getty.edu/aat/300007783, <http://vocab.getty.edu/tgn/term/91369, -2.2, 37.7167
1090467," ""Kibwezi"" .",, <http://vocab.getty.edu/aat/300008347," ""Makueni, Kenya, Africa, World"" ."," ""Makueni, Kenya, ... World"" .",, <http://vocab.getty.edu/tgn/term/91370, -2.4167, 37.95
1090468," ""Kijabe"" .",, <http://vocab.getty.edu/aat/300008347," ""Nakuru, Kenya, Africa, World"" ."," ""Nakuru, Kenya, ... World"" .",, <http://vocab.getty.edu/tgn/term/91371, -.9333, 36.5667
1090469," ""Kilifi"" .",, <http://vocab.getty.edu/aat/300008347," ""Kilifi, Kenya, Africa, World"" ."," ""Kilifi, Kenya, ... World"" .",, <http://vocab.getty.edu/tgn/term/91372, -3.6167, 39.8333
1090470," ""Kinango"" .",, <http://vocab.getty.edu/aat/300008347," ""Kwale, Kenya, Africa, World"" ."," ""Kwale, Kenya, ... World"" .",, <http://vocab.getty.edu/tgn/term/91373, -4.1167, 39.3
1090471," ""Kipini"" .",, <http://vocab.getty.edu/aat/300008347," ""Tana River, Kenya, Africa, World"" ."," ""Tana River, Kenya, ... World"" .",, <http://vocab.getty.edu/tgn/term/91374, -2.5167, 40.5167
1090472," ""Kisii"" .",, <http://vocab.getty.edu/aat/300008347," ""Kisii, Kenya, Africa, World"" ."," ""Kisii, Kenya, ... World"" .",, <http://vocab.getty.edu/tgn/term/91375, -.6667, 34.7833
1090473," ""Kisumu"" ."," ""Port Florence"" .", <http://vocab.getty.edu/aat/300008347; <http://vocab.getty.edu/aat/300387512; <http://vocab.getty.edu/aat/300387223; <http://vocab.getty.edu/aat/300008375; <http://vocab.getty.edu/aat/300387270; <http://vocab.getty.edu/aat/300387302; <http://vocab.getty.edu/aat/300120599," ""Kisumu, Kenya, Africa, World"" ."," ""Kisumu, Kenya, ... World"" .", <http://vocab.getty.edu/aat/300387512; <http://vocab.getty.edu/aat/300387223; <http://vocab.getty.edu/aat/300008375; <http://vocab.getty.edu/aat/300387270; <http://vocab.getty.edu/aat/300387302; <http://vocab.getty.edu/aat/300120599, <http://vocab.getty.edu/tgn/term/91376, -.1333, 34.7833
1090474," ""Kitale"" .",, <http://vocab.getty.edu/aat/300008347," ""Trans Nzoia, Kenya, Africa, World"" ."," ""Trans Nzoia, Kenya, ... World"" .",, <http://vocab.getty.edu/tgn/term/91377, 1.0167, 35
1090475," ""Kitui"" .",, <http://vocab.getty.edu/aat/300008347," ""Kitui, Kenya, Africa, World"" ."," ""Kitui, Kenya, ... World"" .",, <http://vocab.getty.edu/tgn/term/91378, -1.3667, 38.0167
1090476," ""Kiunga"" .",, <http://vocab.getty.edu/aat/300008347," ""Lamu, Kenya, Africa, World"" ."," ""Lamu, Kenya, ... World"" .",, <http://vocab.getty.edu/tgn/term/91379, -1.7333, 41.5167
1090477," ""Kolbio"" .",, <http://vocab.getty.edu/aat/300008347," ""Garissa, Kenya, Africa, World"" ."," ""Garissa, Kenya, ... World"" .",, <http://vocab.getty.edu/tgn/term/91380, -1.15, 41.2333
1090478," ""Konza"" .",, <http://vocab.getty.edu/aat/300008347," ""Machakos, Kenya, Africa, World"" ."," ""Machakos, Kenya, ... World"" .",, <http://vocab.getty.edu/tgn/term/91381, -1.75, 37.1167
1090479," ""Kuchelebai"" .",, <http://vocab.getty.edu/aat/300008347," ""West Pokot, Kenya, Africa, World"" ."," ""West Pokot, Kenya, ... World"" .",, <http://vocab.getty.edu/tgn/term/91382, 1.5, 35.0333
1090480," ""Kundi"" .",, <http://vocab.getty.edu/aat/300008347," ""Garissa, Kenya, Africa, World"" ."," ""Garissa, Kenya, ... World"" .",, <http://vocab.getty.edu/tgn/term/91383, -1.15, 40.7167
1090481," ""Kwale"" .",, <http://vocab.getty.edu/aat/300008347," ""Kwale, Kenya, Africa, World"" ."," ""Kwale, Kenya, ... World"" .",, <http://vocab.getty.edu/tgn/term/91384, -4.1667, 39.45
1090482," ""Laisamis"" .",, <http://vocab.getty.edu/aat/300008347," ""Marsabit, Kenya, Africa, World"" ."," ""Marsabit, Kenya, ... World"" .",, <http://vocab.getty.edu/tgn/term/91385, 1.6, 37.8
1090484," ""Lare"" .",, <http://vocab.getty.edu/aat/300008347," ""Isiolo, Kenya, Africa, World"" ."," ""Isiolo, Kenya, ... World"" .",, <http://vocab.getty.edu/tgn/term/91387, .3333, 37.9333
1090485," ""Leseru"" .",, <http://vocab.getty.edu/aat/300008347," ""Uasin Gishu, Kenya, Africa, World"" ."," ""Uasin Gishu, Kenya, ... World"" .",, <http://vocab.getty.edu/tgn/term/91388, .6, 35.1833
1090486," ""Liboi"" .",, <http://vocab.getty.edu/aat/300008347," ""Garissa, Kenya, Africa, World"" ."," ""Garissa, Kenya, ... World"" .",, <http://vocab.getty.edu/tgn/term/91389, .3833, 40.9667
1090487," ""Limuru"" .",, <http://vocab.getty.edu/aat/300008347," ""Kiambu, Kenya, Africa, World"" ."," ""Kiambu, Kenya, ... World"" .",, <http://vocab.getty.edu/tgn/term/91390, -1.1167, 36.6333
1090488," ""Lodwar"" .",, <http://vocab.getty.edu/aat/300008347," ""Turkana, Kenya, Africa, World"" ."," ""Turkana, Kenya, ... World"" .",, <http://vocab.getty.edu/tgn/term/91391, 3.1, 35.6333
1090489," ""Logumukum"" .",, <http://vocab.getty.edu/aat/300008347," ""Baringo, Kenya, Africa, World"" ."," ""Baringo, Kenya, ... World"" .",, <http://vocab.getty.edu/tgn/term/91392, .45, 36.0833
1090490," ""Lokichar"" .",, <http://vocab.getty.edu/aat/300008347," ""Turkana, Kenya, Africa, World"" ."," ""Turkana, Kenya, ... World"" .",, <http://vocab.getty.edu/tgn/term/91393, 2.3833, 35.6667
1090491," ""Lokichokio"" .",, <http://vocab.getty.edu/aat/300008347," ""Turkana, Kenya, Africa, World"" ."," ""Turkana, Kenya, ... World"" .",, <http://vocab.getty.edu/tgn/term/91394, 4.2667, 34.3667
1090492," ""Lokitaung"" .",, <http://vocab.getty.edu/aat/300008347," ""Turkana, Kenya, Africa, World"" ."," ""Turkana, Kenya, ... World"" .",, <http://vocab.getty.edu/tgn/term/91395, 4.25, 35.75
1090493," ""Lumbwa"" .",, <http://vocab.getty.edu/aat/300008347," ""Kericho, Kenya, Africa, World"" ."," ""Kericho, Kenya, ... World"" .",, <http://vocab.getty.edu/tgn/term/91396, -.2, 35.5
1090494," ""Machakos"" .",, <http://vocab.getty.edu/aat/300008347," ""Machakos, Kenya, Africa, World"" ."," ""Machakos, Kenya, ... World"" .",, <http://vocab.getty.edu/tgn/term/91397, -1.5333, 27.2667
1090495," ""Mackinnon Road"" .",, <http://vocab.getty.edu/aat/300008347," ""Kwale, Kenya, Africa, World"" ."," ""Kwale, Kenya, ... World"" .",, <http://vocab.getty.edu/tgn/term/91398, -3.7333, 39.05
1090496," ""Mado Gashi"" .",, <http://vocab.getty.edu/aat/300008347," ""Isiolo, Kenya, Africa, World"" ."," ""Isiolo, Kenya, ... World"" .",, <http://vocab.getty.edu/tgn/term/91399, .75, 39.1833
1090497," ""Magadi"" .",, <http://vocab.getty.edu/aat/300008347," ""Kajiado, Kenya, Africa, World"" ."," ""Kajiado, Kenya, ... World"" .",, <http://vocab.getty.edu/tgn/term/91400, -1.8833, 36.3
1090498," ""Makindu"" .",, <http://vocab.getty.edu/aat/300008347," ""Makueni, Kenya, Africa, World"" ."," ""Makueni, Kenya, ... World"" .",, <http://vocab.getty.edu/tgn/term/91401, -2.3, 37.8333
1090499," ""Maktau"" .",, <http://vocab.getty.edu/aat/300008347," ""Taita/Taveta, Kenya, Africa, World"" ."," ""Taita/Taveta, Kenya, ... World"" .",, <http://vocab.getty.edu/tgn/term/91402, -3.4167, 38.1333
1090501," ""Mambrui"" .",, <http://vocab.getty.edu/aat/300008347," ""Kilifi, Kenya, Africa, World"" ."," ""Kilifi, Kenya, ... World"" .",, <http://vocab.getty.edu/tgn/term/91404, -3.1333, 40.1333
1090502," ""Mandera"" .",, <http://vocab.getty.edu/aat/300008347," ""Mandera, Kenya, Africa, World"" ."," ""Mandera, Kenya, ... World"" .",, <http://vocab.getty.edu/tgn/term/91405, 3.9333, 41.8833
1090503," ""Manyani"" .",, <http://vocab.getty.edu/aat/300008347," ""Taita/Taveta, Kenya, Africa, World"" ."," ""Taita/Taveta, Kenya, ... World"" .",, <http://vocab.getty.edu/tgn/term/91406, -3.0667, 38.5
1090504," ""Maralal"" .",, <http://vocab.getty.edu/aat/300008347," ""Samburu, Kenya, Africa, World"" ."," ""Samburu, Kenya, ... World"" .",, <http://vocab.getty.edu/tgn/term/91407, 1.0833, 36.7
1090505," ""Mararui"" .",, <http://vocab.getty.edu/aat/300008347," ""Lamu, Kenya, Africa, World"" ."," ""Lamu, Kenya, ... World"" .",, <http://vocab.getty.edu/tgn/term/91408, -1.95, 41.3
1090506," ""Mariakani"" .",, <http://vocab.getty.edu/aat/300008347," ""Kwale, Kenya, Africa, World"" ."," ""Kwale, Kenya, ... World"" .",, <http://vocab.getty.edu/tgn/term/91409, -3.8667, 39.4833
1090507," ""Marsabit"" .",, <http://vocab.getty.edu/aat/300008347," ""Marsabit, Kenya, Africa, World"" ."," ""Marsabit, Kenya, ... World"" .",, <http://vocab.getty.edu/tgn/term/91410, 2.3333, 37.9833
1090508," ""Maungu"" .",, <http://vocab.getty.edu/aat/300008347," ""Taita/Taveta, Kenya, Africa, World"" ."," ""Taita/Taveta, Kenya, ... World"" .",, <http://vocab.getty.edu/tgn/term/91411, -3.5667, 38.7667
1090509," ""Merti"" .",, <http://vocab.getty.edu/aat/300008347," ""Isiolo, Kenya, Africa, World"" ."," ""Isiolo, Kenya, ... World"" .",, <http://vocab.getty.edu/tgn/term/91412, 1.0167, 38.65
1090510," ""Meru"" .",, <http://vocab.getty.edu/aat/300008347; <http://vocab.getty.edu/aat/300008375," ""Meru, Kenya, Africa, World"" ."," ""Meru, Kenya, ... World"" .", <http://vocab.getty.edu/aat/300008375, <http://vocab.getty.edu/tgn/term/91413, .05, 37.6333
1090511," ""Mikinduri"" .",, <http://vocab.getty.edu/aat/300008347," ""Meru, Kenya, Africa, World"" ."," ""Meru, Kenya, ... World"" .",, <http://vocab.getty.edu/tgn/term/91414, .1167, 37.8333
1090512," ""Mkunumbi"" .",, <http://vocab.getty.edu/aat/300008347," ""Lamu, Kenya, Africa, World"" ."," ""Lamu, Kenya, ... World"" .",, <http://vocab.getty.edu/tgn/term/91415, -2.3, 40.7333
1090514," ""Moyale"" .",, <http://vocab.getty.edu/aat/300008347," ""Marsabit, Kenya, Africa, World"" ."," ""Marsabit, Kenya, ... World"" .",, <http://vocab.getty.edu/tgn/term/91417, 3.5167, 39.0667
1090515," ""Mtito Andei"" .",, <http://vocab.getty.edu/aat/300008347," ""Makueni, Kenya, Africa, World"" ."," ""Makueni, Kenya, ... World"" .",, <http://vocab.getty.edu/tgn/term/91418, -2.6833, 38.1667
1090516," ""Muhoro"" ."," ""Mohoru"" .", <http://vocab.getty.edu/aat/300008347," ""Migori, Kenya, Africa, World"" ."," ""Migori, Kenya, ... World"" .",, <http://vocab.getty.edu/tgn/term/91419, -1.0167, 34.1167
1090517," ""Mukutan"" .",, <http://vocab.getty.edu/aat/300008347," ""Baringo, Kenya, Africa, World"" ."," ""Baringo, Kenya, ... World"" .",, <http://vocab.getty.edu/tgn/term/91420, .6333, 36.2833
1090518," ""Mumias"" .",, <http://vocab.getty.edu/aat/300008347," ""Kakamega, Kenya, Africa, World"" ."," ""Kakamega, Kenya, ... World"" .",, <http://vocab.getty.edu/tgn/term/91421, .3333, 34.4833
1090519," ""Murang'a"" ."," ""Muranga"" .", <http://vocab.getty.edu/aat/300008347," ""Murang'a, Kenya, Africa, World"" ."," ""Murang'a, Kenya, ... World"" .",, <http://vocab.getty.edu/tgn/term/91422, -.7167, 37.15
1090520," ""Mutha"" .",, <http://vocab.getty.edu/aat/300008347," ""Kitui, Kenya, Africa, World"" ."," ""Kitui, Kenya, ... World"" .",, <http://vocab.getty.edu/tgn/term/91423, -1.7833, 38.4333
1090521," ""Muvukoni"" .",, <http://vocab.getty.edu/aat/300008347," ""Kitui, Kenya, Africa, World"" ."," ""Kitui, Kenya, ... World"" .",, <http://vocab.getty.edu/tgn/term/91424, -.4, 38.2333
1090522," ""Mwereni"" .",, <http://vocab.getty.edu/aat/300008347," ""Kwale, Kenya, Africa, World"" ."," ""Kwale, Kenya, ... World"" .",, <http://vocab.getty.edu/tgn/term/91425, -4.3667, 39.0833
1090523," ""Mwingi"" .",, <http://vocab.getty.edu/aat/300008347," ""Kitui, Kenya, Africa, World"" ."," ""Kitui, Kenya, ... World"" .",, <http://vocab.getty.edu/tgn/term/91426, -.9333, 38.0833
1090525," ""Naivasha"" .",, <http://vocab.getty.edu/aat/300008347," ""Nakuru, Kenya, Africa, World"" ."," ""Nakuru, Kenya, ... World"" .",, <http://vocab.getty.edu/tgn/term/91428, -.7333, 36.4333
1090526," ""Nakuru"" .",, <http://vocab.getty.edu/aat/300008347; <http://vocab.getty.edu/aat/300387512; <http://vocab.getty.edu/aat/300387223; <http://vocab.getty.edu/aat/300008375; <http://vocab.getty.edu/aat/300387270," ""Nakuru, Kenya, Africa, World"" ."," ""Nakuru, Kenya, ... World"" .", <http://vocab.getty.edu/aat/300387512; <http://vocab.getty.edu/aat/300387223; <http://vocab.getty.edu/aat/300008375; <http://vocab.getty.edu/aat/300387270, <http://vocab.getty.edu/tgn/term/91429, -.2667, 36.0667
1090527," ""Namanga"" .",, <http://vocab.getty.edu/aat/300008347," ""Kajiado, Kenya, Africa, World"" ."," ""Kajiado, Kenya, ... World"" .",, <http://vocab.getty.edu/tgn/term/91430, -2.55, 36.8
1090528," ""Namuruputh"" .",, <http://vocab.getty.edu/aat/300008347," ""Turkana, Kenya, Africa, World"" ."," ""Turkana, Kenya, ... World"" .",, <http://vocab.getty.edu/tgn/term/91431, 4.5833, 35.9333
1090529," ""Nanyuki"" .",, <http://vocab.getty.edu/aat/300008347," ""Laikipia, Kenya, Africa, World"" ."," ""Laikipia, Kenya, ... World"" .",, <http://vocab.getty.edu/tgn/term/91432, .0167, 37.0833
1090530," ""Narok"" .",, <http://vocab.getty.edu/aat/300008347," ""Narok, Kenya, Africa, World"" ."," ""Narok, Kenya, ... World"" .",, <http://vocab.getty.edu/tgn/term/91433, -1.0667, 35.9
1090531," ""Ngong"" .",, <http://vocab.getty.edu/aat/300008347," ""Kajiado, Kenya, Africa, World"" ."," ""Kajiado, Kenya, ... World"" .",, <http://vocab.getty.edu/tgn/term/91434, -1.3667, 36.6667
1090532," ""Ngorengore"" .",, <http://vocab.getty.edu/aat/300008347," ""Narok, Kenya, Africa, World"" ."," ""Narok, Kenya, ... World"" .",, <http://vocab.getty.edu/tgn/term/91435, -1.05, 35.5
1090533," ""North Horr"" .",, <http://vocab.getty.edu/aat/300008347," ""Marsabit, Kenya, Africa, World"" ."," ""Marsabit, Kenya, ... World"" .",, <http://vocab.getty.edu/tgn/term/91436, 3.3167, 37.0667
1090534," ""Nyahururu Falls"" ."," ""Nyahururu"" .", <http://vocab.getty.edu/aat/300008347," ""Laikipia, Kenya, Africa, World"" ."," ""Laikipia, Kenya, ... World"" .",, <http://vocab.getty.edu/tgn/term/91437, .0333, 36.3667
1090535," ""Nyeri"" .",, <http://vocab.getty.edu/aat/300008347; <http://vocab.getty.edu/aat/300387223; <http://vocab.getty.edu/aat/300008375," ""Nyeri, Kenya, Africa, World"" ."," ""Nyeri, Kenya, ... World"" .", <http://vocab.getty.edu/aat/300387223; <http://vocab.getty.edu/aat/300008375, <http://vocab.getty.edu/tgn/term/91438, -.4167, 36.9333
1090536," ""Pate"" .",, <http://vocab.getty.edu/aat/300008347," ""Lamu, Kenya, Africa, World"" ."," ""Lamu, Kenya, ... World"" .",, <http://vocab.getty.edu/tgn/term/91439, -2.1333, 41.0333
1090537," ""Rabai"" .",, <http://vocab.getty.edu/aat/300008347," ""Mombasa, Kenya, Africa, World"" ."," ""Mombasa, Kenya, ... World"" .",, <http://vocab.getty.edu/tgn/term/91440, -3.9167, 39.5667
1090538," ""Ramu"" .",, <http://vocab.getty.edu/aat/300008347," ""Mandera, Kenya, Africa, World"" ."," ""Mandera, Kenya, ... World"" .",, <http://vocab.getty.edu/tgn/term/91441, 3.9, 41.2
1090539," ""Rongai"" .",, <http://vocab.getty.edu/aat/300008347," ""Nakuru, Kenya, Africa, World"" ."," ""Nakuru, Kenya, ... World"" .",, <http://vocab.getty.edu/tgn/term/91442, -.1833, 35.8667
1090540," ""Rumuruti"" .",, <http://vocab.getty.edu/aat/300008347," ""Laikipia, Kenya, Africa, World"" ."," ""Laikipia, Kenya, ... World"" .",, <http://vocab.getty.edu/tgn/term/91443, .2667, 36.5333
1090541," ""Sabarei"" .",, <http://vocab.getty.edu/aat/300008347," ""Marsabit, Kenya, Africa, World"" ."," ""Marsabit, Kenya, ... World"" .",, <http://vocab.getty.edu/tgn/term/91444, 4.3167, 36.9167
1090542," ""Saka"" .",, <http://vocab.getty.edu/aat/300008347," ""Tana River, Kenya, Africa, World"" ."," ""Tana River, Kenya, ... World"" .",, <http://vocab.getty.edu/tgn/term/91445, -.1333, 39.3667
1090543," ""Sarim"" .",, <http://vocab.getty.edu/aat/300008347," ""Garissa, Kenya, Africa, World"" ."," ""Garissa, Kenya, ... World"" .",, <http://vocab.getty.edu/tgn/term/91446, -.3833, 40.9667
1090544," ""Sericho"" .",, <http://vocab.getty.edu/aat/300008347," ""Isiolo, Kenya, Africa, World"" ."," ""Isiolo, Kenya, ... World"" .",, <http://vocab.getty.edu/tgn/term/91447, 1.1333, 39.1167
1090545," ""Shimoni"" .",, <http://vocab.getty.edu/aat/300008347," ""Kwale, Kenya, Africa, World"" ."," ""Kwale, Kenya, ... World"" .",, <http://vocab.getty.edu/tgn/term/91448, -4.6167, 39.3667
1090546," ""Simba"" .",, <http://vocab.getty.edu/aat/300008347," ""Kajiado, Kenya, Africa, World"" ."," ""Kajiado, Kenya, ... World"" .",, <http://vocab.getty.edu/tgn/term/91449, -2.1667, 37.6
1090547," ""Solai"" .",, <http://vocab.getty.edu/aat/300008347; <http://vocab.getty.edu/aat/300007783," ""Nakuru, Kenya, Africa, World"" ."," ""Nakuru, Kenya, ... World"" .", <http://vocab.getty.edu/aat/300007783, <http://vocab.getty.edu/tgn/term/91450, .016, 36.15
1090548," ""Sotik"" .",, <http://vocab.getty.edu/aat/300008347," ""Kericho, Kenya, Africa, World"" ."," ""Kericho, Kenya, ... World"" .",, <http://vocab.getty.edu/tgn/term/91451, -.6667, 35.1333
1090549," ""South Horr"" .",, <http://vocab.getty.edu/aat/300008347," ""Samburu, Kenya, Africa, World"" ."," ""Samburu, Kenya, ... World"" .",, <http://vocab.getty.edu/tgn/term/91452, 2.1167, 36.9167
1090550," ""Suna"" .",, <http://vocab.getty.edu/aat/300008347," ""Migori, Kenya, Africa, World"" ."," ""Migori, Kenya, ... World"" .",, <http://vocab.getty.edu/tgn/term/91453, -1.1, 34.4833
1090551," ""Takaungu"" .",, <http://vocab.getty.edu/aat/300008347," ""Kilifi, Kenya, Africa, World"" ."," ""Kilifi, Kenya, ... World"" .",, <http://vocab.getty.edu/tgn/term/91454, -3.7, 39.85
1090552," ""Tangulbei"" .",, <http://vocab.getty.edu/aat/300008347," ""Baringo, Kenya, Africa, World"" ."," ""Baringo, Kenya, ... World"" .",, <http://vocab.getty.edu/tgn/term/91455, .8, 36.2833
1090553," ""Taveta"" .",, <http://vocab.getty.edu/aat/300008347," ""Taita/Taveta, Kenya, Africa, World"" ."," ""Taita/Taveta, Kenya, ... World"" .",, <http://vocab.getty.edu/tgn/term/91456, -3.3833, 37.6667
1090554," ""Thika"" .",, <http://vocab.getty.edu/aat/300008347," ""Kiambu, Kenya, Africa, World"" ."," ""Kiambu, Kenya, ... World"" .",, <http://vocab.getty.edu/tgn/term/91457, -1.05, 37.0833
1090555," ""Timau"" .",, <http://vocab.getty.edu/aat/300008347," ""Meru, Kenya, Africa, World"" ."," ""Meru, Kenya, ... World"" .",, <http://vocab.getty.edu/tgn/term/91458, .0833, 37.25
1090556," ""Todenyang"" .",, <http://vocab.getty.edu/aat/300008347," ""Turkana, Kenya, Africa, World"" ."," ""Turkana, Kenya, ... World"" .",, <http://vocab.getty.edu/tgn/term/91459, 4.5333, 35.9333
1090557," ""Tsavo"" .",, <http://vocab.getty.edu/aat/300008347," ""Taita/Taveta, Kenya, Africa, World"" ."," ""Taita/Taveta, Kenya, ... World"" .",, <http://vocab.getty.edu/tgn/term/91460, -2.9833, 38.4667
1090559," ""Voi"" .",, <http://vocab.getty.edu/aat/300008347," ""Taita/Taveta, Kenya, Africa, World"" ."," ""Taita/Taveta, Kenya, ... World"" .",, <http://vocab.getty.edu/tgn/term/91462, -3.3833, 38.5833
1090560," ""Wajir"" .",, <http://vocab.getty.edu/aat/300008347; <http://vocab.getty.edu/aat/300387223," ""Wajir, Kenya, Africa, World"" ."," ""Wajir, Kenya, ... World"" .", <http://vocab.getty.edu/aat/300387223, <http://vocab.getty.edu/tgn/term/91463, 1.7667, 40.0833
1090561," ""Wamba"" .",, <http://vocab.getty.edu/aat/300008347," ""Samburu, Kenya, Africa, World"" ."," ""Samburu, Kenya, ... World"" .",, <http://vocab.getty.edu/tgn/term/91464, .9667, 37.3167
1090562," ""Wange"" .",, <http://vocab.getty.edu/aat/300008347," ""Lamu, Kenya, Africa, World"" ."," ""Lamu, Kenya, ... World"" .",, <http://vocab.getty.edu/tgn/term/91465, -2, 40.9167
1090563," ""Witu"" .",, <http://vocab.getty.edu/aat/300008347," ""Lamu, Kenya, Africa, World"" ."," ""Lamu, Kenya, ... World"" .",, <http://vocab.getty.edu/tgn/term/91466, -2.4, 40.4667
1101361," ""Aberdare National Park"" .",, <http://vocab.getty.edu/aat/300008189," ""Nyeri, Kenya, Africa, World"" ."," ""Nyeri, Kenya, ... World"" .",, <http://vocab.getty.edu/tgn/term/102364, -.5, 36.75
1101374," ""Amboseli National Park"" .",, <http://vocab.getty.edu/aat/300008189," ""Kajiado, Kenya, Africa, World"" ."," ""Kajiado, Kenya, ... World"" .",, <http://vocab.getty.edu/tgn/term/102377, -2.5, 37.25
1101499," ""Sibiloi National Park"" ."," ""East Rudolf National Park"" .", <http://vocab.getty.edu/aat/300008189," ""Marsabit, Kenya, Africa, World"" ."," ""Marsabit, Kenya, ... World"" .",, <http://vocab.getty.edu/tgn/term/1002199083, 3.9167, 36.3333
1101663," ""Lake Nakuru National Park"" .",, <http://vocab.getty.edu/aat/300008189," ""Nakuru, Kenya, Africa, World"" ."," ""Nakuru, Kenya, ... World"" .",, <http://vocab.getty.edu/tgn/term/102668, -.3333, 36.0833
1101689," ""Malindi Marine National Park"" .",, <http://vocab.getty.edu/aat/300008189," ""Kilifi, Kenya, Africa, World"" ."," ""Kilifi, Kenya, ... World"" .",, <http://vocab.getty.edu/tgn/term/102694, -3.25, 40.1667
1101696," ""Marsabit National Reserve"" ."," ""Marsabit National Park"" .", <http://vocab.getty.edu/aat/300008189; <http://vocab.getty.edu/aat/300008178," ""Kenya, Africa, World"" ."," ""Kenya, Africa, World"" .", <http://vocab.getty.edu/aat/300008178, <http://vocab.getty.edu/tgn/term/1002199087, 1.666, 37.333
1101701," ""Meru National Park"" .",, <http://vocab.getty.edu/aat/300008189," ""Isiolo, Kenya, Africa, World"" ."," ""Isiolo, Kenya, ... World"" .",, <http://vocab.getty.edu/tgn/term/102706, .1667, 38.25
1101723," ""Mount Elgon National Park"" .",, <http://vocab.getty.edu/aat/300008189," ""Kenya, Africa, World"" ."," ""Kenya, Africa, World"" .",, <http://vocab.getty.edu/tgn/term/102728, 1.0833, 34.75
1101727," ""Mount Kenya National Park"" .",, <http://vocab.getty.edu/aat/300008189," ""Kenya, Africa, World"" ."," ""Kenya, Africa, World"" .",, <http://vocab.getty.edu/tgn/term/102732, -.1667, 37.3333
1101744," ""Nairobi National Park"" .",, <http://vocab.getty.edu/aat/300008189," ""Nairobi City, Kenya, Africa, World"" ."," ""Nairobi City, Kenya, ... World"" .",, <http://vocab.getty.edu/tgn/term/102749, -1.4167, 36.8333
1101768," ""Ol Doinyo Sapuk National Park"" .",, <http://vocab.getty.edu/aat/300008189," ""Machakos, Kenya, Africa, World"" ."," ""Machakos, Kenya, ... World"" .",, <http://vocab.getty.edu/tgn/term/102773, -1.15, 37.2
1101845," ""Saiwa Swamp National Park"" .",, <http://vocab.getty.edu/aat/300008189," ""Trans Nzoia, Kenya, Africa, World"" ."," ""Trans Nzoia, Kenya, ... World"" .",, <http://vocab.getty.edu/tgn/term/102850, 1.1, 35.2
1101916," ""Tsavo National Park East"" ."," ""Tsavo East National Park"" .", <http://vocab.getty.edu/aat/300008189," ""Kitui, Kenya, Africa, World"" ."," ""Kitui, Kenya, ... World"" .",, <http://vocab.getty.edu/tgn/term/1002206718, -2.1667, 38.4167
1101917," ""Tsavo West National Park"" .",, <http://vocab.getty.edu/aat/300008189," ""Taita/Taveta, Kenya, Africa, World"" ."," ""Taita/Taveta, Kenya, ... World"" .",, <http://vocab.getty.edu/tgn/term/102924, -2.9167, 37.9167
1101939," ""Watamu Marine National Park"" .",, <http://vocab.getty.edu/aat/300008189," ""Kilifi, Kenya, Africa, World"" ."," ""Kilifi, Kenya, ... World"" .",, <http://vocab.getty.edu/tgn/term/102946, -3.3833, 40
1102097," ""Gede National Park"" ."," ""Gedi National Monument"" .; ""Gedi Royal National Park"" .; ""Gede Royal National Park"" .", <http://vocab.getty.edu/aat/300008189; <http://vocab.getty.edu/aat/300006958," ""Kilifi, Kenya, Africa, World"" ."," ""Kilifi, Kenya, ... World"" .", <http://vocab.getty.edu/aat/300006958, <http://vocab.getty.edu/tgn/term/1001260004, -3.3167, 40.05
1103366," ""Chalbi Desert"" .",, <http://vocab.getty.edu/aat/300008916," ""Marsabit, Kenya, Africa, World"" ."," ""Marsabit, Kenya, ... World"" .",, <http://vocab.getty.edu/tgn/term/104379,,
1103831," ""Bagage"" .",, <http://vocab.getty.edu/aat/300008795," ""Mandera, Kenya, Africa, World"" ."," ""Mandera, Kenya, ... World"" .",, <http://vocab.getty.edu/tgn/term/104853,,
1104016," ""Bokkol"" ."," ""Bokol"" .", <http://vocab.getty.edu/aat/300008795," ""Samburu, Kenya, Africa, World"" ."," ""Samburu, Kenya, ... World"" .",, <http://vocab.getty.edu/tgn/term/105040,,
1104217," ""Chepkotet"" .",, <http://vocab.getty.edu/aat/300008795," ""West Pokot, Kenya, Africa, World"" ."," ""West Pokot, Kenya, ... World"" .",, <http://vocab.getty.edu/tgn/term/105246,,
1104527," ""Elgon, Mount"" ."," ""Mount Elgon"" .", <http://vocab.getty.edu/aat/300008795," ""Kenya, Africa, World"" ."," ""Kenya, Africa, World"" .",, <http://vocab.getty.edu/tgn/term/105559, 1.133333, 34.55
1105133," ""Kachagalau"" .",, <http://vocab.getty.edu/aat/300008795," ""West Pokot, Kenya, Africa, World"" ."," ""West Pokot, Kenya, ... World"" .",, <http://vocab.getty.edu/tgn/term/106176,,
1105170," ""Kasigau"" .",, <http://vocab.getty.edu/aat/300008795," ""Taita/Taveta, Kenya, Africa, World"" ."," ""Taita/Taveta, Kenya, ... World"" .",, <http://vocab.getty.edu/tgn/term/106213,,
1105203," ""Ketingwan"" .",, <http://vocab.getty.edu/aat/300008795," ""Baringo, Kenya, Africa, World"" ."," ""Baringo, Kenya, ... World"" .",, <http://vocab.getty.edu/tgn/term/106247,,
1105240," ""Kirinyaga"" ."," ""Kenia"" .; ""Mount Kenya"" .; ""Kenya, Mount"" .", <http://vocab.getty.edu/aat/300008795," ""Kenya, Africa, World"" ."," ""Kenya, Africa, World"" .",, <http://vocab.getty.edu/tgn/term/106284, -.166, 37.333333
1105295," ""Kulal, Mount"" ."," ""Mount Kulal"" .", <http://vocab.getty.edu/aat/300008795," ""Marsabit, Kenya, Africa, World"" ."," ""Marsabit, Kenya, ... World"" .",, <http://vocab.getty.edu/tgn/term/106340,,
1105392," ""Lesatima, Oldoinyo"" ."," ""Oldoinyo Lesatima"" .; ""Lesatima"" .", <http://vocab.getty.edu/aat/300008795," ""Nyeri, Kenya, Africa, World"" ."," ""Nyeri, Kenya, ... World"" .",, <http://vocab.getty.edu/tgn/term/106437,,
1105710," ""Mtelo"" .",, <http://vocab.getty.edu/aat/300008795," ""West Pokot, Kenya, Africa, World"" ."," ""West Pokot, Kenya, ... World"" .",, <http://vocab.getty.edu/tgn/term/106761,,
1105725," ""Mumoni"" .",, <http://vocab.getty.edu/aat/300008795," ""Kitui, Kenya, Africa, World"" ."," ""Kitui, Kenya, ... World"" .",, <http://vocab.getty.edu/tgn/term/106776,,
1105833," ""Ng'iro"" .",, <http://vocab.getty.edu/aat/300008795," ""Samburu, Kenya, Africa, World"" ."," ""Samburu, Kenya, ... World"" .",, <http://vocab.getty.edu/tgn/term/106886, 2.133, 36.85
1105917," ""Ol Doinyo Orok"" ."," ""Orok, Oldoinyo"" .", <http://vocab.getty.edu/aat/300008795," ""Narok, Kenya, Africa, World"" ."," ""Narok, Kenya, ... World"" .",, <http://vocab.getty.edu/tgn/term/106970,,
1105927," ""Osupugo"" .",, <http://vocab.getty.edu/aat/300008795," ""Narok, Kenya, Africa, World"" ."," ""Narok, Kenya, ... World"" .",, <http://vocab.getty.edu/tgn/term/106981,,
1106011," ""Pelekech"" .",, <http://vocab.getty.edu/aat/300008795," ""Turkana, Kenya, Africa, World"" ."," ""Turkana, Kenya, ... World"" .",, <http://vocab.getty.edu/tgn/term/107066,,
1106096," ""Poro"" .",, <http://vocab.getty.edu/aat/300008795," ""Samburu, Kenya, Africa, World"" ."," ""Samburu, Kenya, ... World"" .",, <http://vocab.getty.edu/tgn/term/107153,,
1106526," ""Songot"" .",, <http://vocab.getty.edu/aat/300008795," ""Turkana, Kenya, Africa, World"" ."," ""Turkana, Kenya, ... World"" .",, <http://vocab.getty.edu/tgn/term/107587,,
1106730," ""Tiati"" .",, <http://vocab.getty.edu/aat/300008795," ""Baringo, Kenya, Africa, World"" ."," ""Baringo, Kenya, ... World"" .",, <http://vocab.getty.edu/tgn/term/107792,,
1108032," ""Huri"" .",, <http://vocab.getty.edu/aat/300008777," ""Marsabit, Kenya, Africa, World"" ."," ""Marsabit, Kenya, ... World"" .",, <http://vocab.getty.edu/tgn/term/109104,,
1109852," ""Aberdare Range"" .",, <http://vocab.getty.edu/aat/300386831," ""Nyeri, Kenya, Africa, World"" ."," ""Nyeri, Kenya, ... World"" .",, <http://vocab.getty.edu/tgn/term/110988,,
1110380," ""Yatta Plateau"" .",, <http://vocab.getty.edu/aat/300132339," ""Kitui, Kenya, Africa, World"" ."," ""Kitui, Kenya, ... World"" .",, <http://vocab.getty.edu/tgn/term/111525,,
1110425," ""Cherangany Hills"" .",, <http://vocab.getty.edu/aat/300008777," ""West Pokot, Kenya, Africa, World"" ."," ""West Pokot, Kenya, ... World"" .",, <http://vocab.getty.edu/tgn/term/111570,,
1110903," ""Boji Plain"" .",, <http://vocab.getty.edu/aat/300008805," ""Wajir, Kenya, Africa, World"" ."," ""Wajir, Kenya, ... World"" .",, <http://vocab.getty.edu/tgn/term/112050,,
1110994," ""Bun Plains"" .",, <http://vocab.getty.edu/aat/300008805," ""Wajir, Kenya, Africa, World"" ."," ""Wajir, Kenya, ... World"" .",, <http://vocab.getty.edu/tgn/term/112144,,
1113973," ""Ungama Bay"" .",, <http://vocab.getty.edu/aat/300132316," ""Tana River, Kenya, Africa, World"" ."," ""Tana River, Kenya, ... World"" .",, <http://vocab.getty.edu/tgn/term/115205,,
1114037," ""Winam Gulf"" ."," ""Winam"" .", <http://vocab.getty.edu/aat/300132316; <http://vocab.getty.edu/aat/300132315," ""Kenya, Africa, World"" ."," ""Kenya, Africa, World"" .", <http://vocab.getty.edu/aat/300132316, <http://vocab.getty.edu/tgn/term/365869, -.25, 34.601
1115529," ""Baringo, Lake"" ."," ""Lake Baringo"" .", <http://vocab.getty.edu/aat/300008680," ""Baringo, Kenya, Africa, World"" ."," ""Baringo, Kenya, ... World"" .",, <http://vocab.getty.edu/tgn/term/116794,,
1115655," ""Bogoria, Lake"" ."," ""Lake Bogoria"" .; ""Hannington, Lake"" .", <http://vocab.getty.edu/aat/300008680," ""Baringo, Kenya, Africa, World"" ."," ""Baringo, Kenya, ... World"" .",, <http://vocab.getty.edu/tgn/term/116921,,
1117434," ""Naivasha, Lake"" ."," ""Lake Naivasha"" .", <http://vocab.getty.edu/aat/300008680," ""Nakuru, Kenya, Africa, World"" ."," ""Nakuru, Kenya, ... World"" .",, <http://vocab.getty.edu/tgn/term/118716,,
1117436," ""Nakuru, Lake"" ."," ""Lake Nakuru"" .", <http://vocab.getty.edu/aat/300008680," ""Nakuru, Kenya, Africa, World"" ."," ""Nakuru, Kenya, ... World"" .",, <http://vocab.getty.edu/tgn/term/118718,,
1119104," ""Magadi, Lake"" ."," ""Lake Magadi"" .; ""Soda"" .", <http://vocab.getty.edu/aat/300387087," ""Kajiado, Kenya, Africa, World"" ."," ""Kajiado, Kenya, ... World"" .",, <http://vocab.getty.edu/tgn/term/120405,,
1121468," ""Athi"" .",, <http://vocab.getty.edu/aat/300008707," ""Kitui, Kenya, Africa, World"" ."," ""Kitui, Kenya, ... World"" .",, <http://vocab.getty.edu/tgn/term/122805,,
1122047," ""Bohol, Lach"" ."," ""Lach Bohol"" .; ""Bogal, Lagh"" .; ""Lagh Bogal"" .", <http://vocab.getty.edu/aat/300008707," ""Wajir, Kenya, Africa, World"" ."," ""Wajir, Kenya, ... World"" .",, <http://vocab.getty.edu/tgn/term/1002199088, .697, 40.95
1122124," ""Bor, Lak"" ."," ""Lak Bor"" .; ""Bor, Laga"" .", <http://vocab.getty.edu/aat/300008707," ""Wajir, Kenya, Africa, World"" ."," ""Wajir, Kenya, ... World"" .",, <http://vocab.getty.edu/tgn/term/123482,,
1122822," ""Choichuf, Laga"" ."," ""Laga Choichuf"" .; ""Laga Choichuff"" .; ""Choichuff, Laga"" .", <http://vocab.getty.edu/aat/300008707," ""Kenya, Africa, World"" ."," ""Kenya, Africa, World"" .",, <http://vocab.getty.edu/tgn/term/365797, 2.55502, 38.874837
1123451," ""Dodori"" .",, <http://vocab.getty.edu/aat/300008707," ""Kenya, Africa, World"" ."," ""Kenya, Africa, World"" .",, <http://vocab.getty.edu/tgn/term/124852, -1.908031, 41.010096
1124086," ""Galana"" .",, <http://vocab.getty.edu/aat/300008707," ""Kenya, Africa, World"" ."," ""Kenya, Africa, World"" .",, <http://vocab.getty.edu/tgn/term/125515, -3.168286, 40.144304
1124557," ""Har, Laga"" ."," ""Laga Har"" .", <http://vocab.getty.edu/aat/300008707," ""Wajir, Kenya, Africa, World"" ."," ""Wajir, Kenya, ... World"" .",, <http://vocab.getty.edu/tgn/term/126005,,
1124643," ""Hiraman"" .",, <http://vocab.getty.edu/aat/300008707," ""Tana River, Kenya, Africa, World"" ."," ""Tana River, Kenya, ... World"" .",, <http://vocab.getty.edu/tgn/term/126093, -1.116667, 39.916667
1125525," ""Kerio"" .",, <http://vocab.getty.edu/aat/300008707," ""Turkana, Kenya, Africa, World"" ."," ""Turkana, Kenya, ... World"" .",, <http://vocab.getty.edu/tgn/term/127010,,
1125829," ""Kutulo, Lagh"" ."," ""Lagh Kutulo"" .", <http://vocab.getty.edu/aat/300008707," ""Mandera, Kenya, Africa, World"" ."," ""Mandera, Kenya, ... World"" .",, <http://vocab.getty.edu/tgn/term/127332,,
1127084," ""Merille, Laga"" ."," ""Laga Merille"" .", <http://vocab.getty.edu/aat/300008707," ""Isiolo, Kenya, Africa, World"" ."," ""Isiolo, Kenya, ... World"" .",, <http://vocab.getty.edu/tgn/term/128650, 1.416667, 38.433333
1127152," ""Migori"" .",, <http://vocab.getty.edu/aat/300008707," ""Kenya, Africa, World"" ."," ""Kenya, Africa, World"" .",, <http://vocab.getty.edu/tgn/term/128721, -.988, 34.250572
1127157," ""Milgis"" .",, <http://vocab.getty.edu/aat/300008707," ""Kenya, Africa, World"" ."," ""Kenya, Africa, World"" .",, <http://vocab.getty.edu/tgn/term/128726, 1.8, 38.1
1127748," ""Ng'iro, Ewaso"" ."," ""Ewaso Ng'iro"" .", <http://vocab.getty.edu/aat/300008707," ""Kenya, Africa, World"" ."," ""Kenya, Africa, World"" .",, <http://vocab.getty.edu/tgn/term/129339, .466, 39.931
1127754," ""Ngiro, Ewaso"" ."," ""Ewaso Ngiro"" .; ""Ngiro, Guaso"" .; ""Ngiro, Engare"" .; ""Ng'iro, Ngare"" .", <http://vocab.getty.edu/aat/300008707," ""Kajiado, Kenya, Africa, World"" ."," ""Kajiado, Kenya, ... World"" .",, <http://vocab.getty.edu/tgn/term/129345, -2.136, 36.051
1127969," ""Nzoia"" .",, <http://vocab.getty.edu/aat/300008707," ""Kenya, Africa, World"" ."," ""Kenya, Africa, World"" .",, <http://vocab.getty.edu/tgn/term/129568, .056, 33.95282
1130384," ""Suguta"" .",, <http://vocab.getty.edu/aat/300008707," ""Turkana, Kenya, Africa, World"" ."," ""Turkana, Kenya, ... World"" .",, <http://vocab.getty.edu/tgn/term/132078,,
1130589," ""Tana"" .",, <http://vocab.getty.edu/aat/300008707," ""Kenya, Africa, World"" ."," ""Kenya, Africa, World"" .",, <http://vocab.getty.edu/tgn/term/132293, -2.533311, 40.531223
1130820," ""Thowa"" .",, <http://vocab.getty.edu/aat/300008707," ""Kenya, Africa, World"" ."," ""Kenya, Africa, World"" .",, <http://vocab.getty.edu/tgn/term/132537, -1.55, 40.05
1130892," ""Tiva"" .",, <http://vocab.getty.edu/aat/300008707," ""Kenya, Africa, World"" ."," ""Kenya, Africa, World"" .",, <http://vocab.getty.edu/tgn/term/132614, -2.351201, 39.010077
1131087," ""Tula"" .",, <http://vocab.getty.edu/aat/300008707," ""Kenya, Africa, World"" ."," ""Kenya, Africa, World"" .",, <http://vocab.getty.edu/tgn/term/132815, -.833, 39.85
1131139," ""Turkwel"" .",, <http://vocab.getty.edu/aat/300008707," ""Turkana, Kenya, Africa, World"" ."," ""Turkana, Kenya, ... World"" .",, <http://vocab.getty.edu/tgn/term/132870,,
1135666," ""Lugards Falls"" .",, <http://vocab.getty.edu/aat/300008736," ""Kenya, Africa, World"" ."," ""Kenya, Africa, World"" .",, <http://vocab.getty.edu/tgn/term/137440, -3.038337, 38.695563
1140885," ""Bura"" .",, <http://vocab.getty.edu/aat/300008347," ""Taita/Taveta, Kenya, Africa, World"" ."," ""Taita/Taveta, Kenya, ... World"" .",, <http://vocab.getty.edu/tgn/term/180996, -3.5, 38.3167
6003508," ""Lothagam"" ."," ""Lothagam Hill"" .", <http://vocab.getty.edu/aat/300000810; <http://vocab.getty.edu/aat/300387251; <http://vocab.getty.edu/aat/300008777," ""Turkana, Kenya, Africa, World"" ."," ""Turkana, Kenya, ... World"" .", <http://vocab.getty.edu/aat/300000810; <http://vocab.getty.edu/aat/300387251, <http://vocab.getty.edu/tgn/term/168827, 2.916, 36.066
6005190," ""Samburu Hills"" .",, <http://vocab.getty.edu/aat/300008777," ""Samburu, Kenya, Africa, World"" ."," ""Samburu, Kenya, ... World"" .",, <http://vocab.getty.edu/tgn/term/170509, 1.75, 36.593
6006232," ""Urewe"" ."," ""Ulore"" .", <http://vocab.getty.edu/aat/300000810; <http://vocab.getty.edu/aat/300387006," ""Siaya, Kenya, Africa, World"" ."," ""Siaya, Kenya, ... World"" .", <http://vocab.getty.edu/aat/300000810, <http://vocab.getty.edu/tgn/term/171551,,
7000135," ""Nairobi Area"" ."," ""Nairobi"" .", <http://vocab.getty.edu/aat/300387064; <http://vocab.getty.edu/aat/300387179; <http://vocab.getty.edu/aat/300387116," ""Kenya, Africa, World"" ."," ""Kenya, Africa, World"" .", <http://vocab.getty.edu/aat/300387064; <http://vocab.getty.edu/aat/300387116, <http://vocab.getty.edu/tgn/term/141488,,
7001113," ""Lamu"" .",, <http://vocab.getty.edu/aat/300008347," ""Lamu, Kenya, Africa, World"" ."," ""Lamu, Kenya, ... World"" .",, <http://vocab.getty.edu/tgn/term/91386, -2.2833, 40.9
7001114," ""Malindi"" .",, <http://vocab.getty.edu/aat/300008347," ""Kilifi, Kenya, Africa, World"" ."," ""Kilifi, Kenya, ... World"" .",, <http://vocab.getty.edu/tgn/term/91403, -3.2333, 40.0833
7001115," ""Mombasa"" .",, <http://vocab.getty.edu/aat/300008347; <http://vocab.getty.edu/aat/300387218; <http://vocab.getty.edu/aat/300387223; <http://vocab.getty.edu/aat/300008375; <http://vocab.getty.edu/aat/300265612; <http://vocab.getty.edu/aat/300387302; <http://vocab.getty.edu/aat/300387285; <http://vocab.getty.edu/aat/300120599," ""Mombasa, Kenya, Africa, World"" ."," ""Mombasa, Kenya, ... World"" .", <http://vocab.getty.edu/aat/300387218; <http://vocab.getty.edu/aat/300387223; <http://vocab.getty.edu/aat/300008375; <http://vocab.getty.edu/aat/300265612; <http://vocab.getty.edu/aat/300387302; <http://vocab.getty.edu/aat/300387285; <http://vocab.getty.edu/aat/300120599, <http://vocab.getty.edu/tgn/term/91416, -4.0667, 39.6667
7001116," ""Nairobi"" .",, <http://vocab.getty.edu/aat/300008347; <http://vocab.getty.edu/aat/300008389; <http://vocab.getty.edu/aat/300387219; <http://vocab.getty.edu/aat/300264742; <http://vocab.getty.edu/aat/300387512; <http://vocab.getty.edu/aat/300265612; <http://vocab.getty.edu/aat/300387270; <http://vocab.getty.edu/aat/300387302; <http://vocab.getty.edu/aat/300387291; <http://vocab.getty.edu/aat/300387286," ""Nairobi City, Kenya, Africa, World"" ."," ""Nairobi City, Kenya, ... World"" .", <http://vocab.getty.edu/aat/300008389; <http://vocab.getty.edu/aat/300387219; <http://vocab.getty.edu/aat/300264742; <http://vocab.getty.edu/aat/300387512; <http://vocab.getty.edu/aat/300265612; <http://vocab.getty.edu/aat/300387270; <http://vocab.getty.edu/aat/300387302; <http://vocab.getty.edu/aat/300387291; <http://vocab.getty.edu/aat/300387286, <http://vocab.getty.edu/tgn/term/91427, -1.2833, 36.8333
7016553," ""Ileret"" .",, <http://vocab.getty.edu/aat/300008347," ""Marsabit, Kenya, Africa, World"" ."," ""Marsabit, Kenya, ... World"" .",, <http://vocab.getty.edu/tgn/term/91356, 4.3, 36.2333
7016560," ""Olorgesailie"" ."," ""Olorgasailie National Monument"" .; ""Olorgasailie"" .", <http://vocab.getty.edu/aat/300000810; <http://vocab.getty.edu/aat/300006958; <http://vocab.getty.edu/aat/300387006," ""Kajiado, Kenya, Africa, World"" ."," ""Kajiado, Kenya, ... World"" .", <http://vocab.getty.edu/aat/300000810; <http://vocab.getty.edu/aat/300006958, <http://vocab.getty.edu/tgn/term/1001259952, -1.6667, 36.3667
7016566," ""Rusinga Island"" .",, <http://vocab.getty.edu/aat/300000810; <http://vocab.getty.edu/aat/300008791; <http://vocab.getty.edu/aat/300387006," ""Homa Bay, Kenya, Africa, World"" ."," ""Homa Bay, Kenya, ... World"" .", <http://vocab.getty.edu/aat/300000810; <http://vocab.getty.edu/aat/300387006, <http://vocab.getty.edu/tgn/term/9054,,
7016846," ""Vanga"" .",, <http://vocab.getty.edu/aat/300008347," ""Kwale, Kenya, Africa, World"" ."," ""Kwale, Kenya, ... World"" .",, <http://vocab.getty.edu/tgn/term/91461, -4.6667, 39.2167
7025829," ""Turkana"" .",, <http://vocab.getty.edu/aat/300387346," ""Kenya, Africa, World"" ."," ""Kenya, Africa, World"" .",, <http://vocab.getty.edu/tgn/term/1164847, .6667, 35.5
7029556," ""Don dol"" ."," ""Ildolidol"" .; ""Dol dol"" .", <http://vocab.getty.edu/aat/300008347," ""Laikipia, Kenya, Africa, World"" ."," ""Laikipia, Kenya, ... World"" .",, <http://vocab.getty.edu/tgn/term/1001176064, .4, 37.169
7031935," ""Ololbutot""@en ."," ""Hell's Gate"" .", <http://vocab.getty.edu/aat/300008767," ""Nakuru, Kenya, Africa, World"" ."," ""Nakuru, Kenya, ... World"" .",, <http://vocab.getty.edu/tgn/term/1001187140-en, -.916, 36.321
7031936," ""Hell's Gate National Park"" .",, <http://vocab.getty.edu/aat/300008189," ""Nakuru, Kenya, Africa, World"" ."," ""Nakuru, Kenya, ... World"" .",, <http://vocab.getty.edu/tgn/term/1001187142,,
7031937," ""Longonot"" ."," ""Ol Olongot"" .", <http://vocab.getty.edu/aat/300008795," ""Nakuru, Kenya, Africa, World"" ."," ""Nakuru, Kenya, ... World"" .",, <http://vocab.getty.edu/tgn/term/1001187143, -.916, 36.457
7031938," ""Mount Longonot National Park"" ."," ""Longonot"" .; ""Ol Ongonot"" .", <http://vocab.getty.edu/aat/300008189," ""Nakuru, Kenya, Africa, World"" ."," ""Nakuru, Kenya, ... World"" .",, <http://vocab.getty.edu/tgn/term/1001187145,,
7031939," ""Lake Bogoria National Reserve""@en .",, <http://vocab.getty.edu/aat/300008178," ""Baringo, Kenya, Africa, World"" ."," ""Baringo, Kenya, ... World"" .",, <http://vocab.getty.edu/tgn/term/1001187149-en,,
7031940," ""Kamnarok, Lake""@en ."," ""Lake Kamnarok"" .", <http://vocab.getty.edu/aat/300008680," ""Baringo, Kenya, Africa, World"" ."," ""Baringo, Kenya, ... World"" .",, <http://vocab.getty.edu/tgn/term/1001187150-en, .633, 35.677
7031941," ""Masai Mara National Reserve""@en ."," ""Masai Mara Game Reserve"" .; ""Narok-Masai Game Reserve"" .; ""Mara Game Reserve"" .; ""Maasai Mara National Reserve"" .", <http://vocab.getty.edu/aat/300008178; <http://vocab.getty.edu/aat/300008181," ""Narok, Kenya, Africa, World"" ."," ""Narok, Kenya, ... World"" .", <http://vocab.getty.edu/aat/300008181, <http://vocab.getty.edu/tgn/term/1001187155-en, -1.416, 35.745
7031942," ""Mwea Plains"" .",, <http://vocab.getty.edu/aat/300008805," ""Embu, Kenya, Africa, World"" ."," ""Embu, Kenya, ... World"" .",, <http://vocab.getty.edu/tgn/term/1001187156, -.833, 37.593
7031943," ""Mwea National Reserve""@en .",, <http://vocab.getty.edu/aat/300008178," ""Embu, Kenya, Africa, World"" ."," ""Embu, Kenya, ... World"" .",, <http://vocab.getty.edu/tgn/term/1001187157-en,,
7031944," ""Kakamega Forest""@en ."," ""Kakamega Forest National Reserve"" .; ""Kakamega Forest Reserve"" .", <http://vocab.getty.edu/aat/300008865; <http://vocab.getty.edu/aat/300008863," ""Kakamega, Kenya, Africa, World"" ."," ""Kakamega, Kenya, ... World"" .", <http://vocab.getty.edu/aat/300008865, <http://vocab.getty.edu/tgn/term/1001187158-en, .266, 34.898
7031945," ""Samburu Game Reserve"" ."," ""Samburu Uaso Nyiro Game Reserve"" .", <http://vocab.getty.edu/aat/300008178; <http://vocab.getty.edu/aat/300008181," ""Samburu, Kenya, Africa, World"" ."," ""Samburu, Kenya, ... World"" .", <http://vocab.getty.edu/aat/300008181, <http://vocab.getty.edu/tgn/term/1001187161, .666, 37.542
7033002," ""Deloraine"" ."," ""Deloraine Farm"" .", <http://vocab.getty.edu/aat/300000810; <http://vocab.getty.edu/aat/300387006," ""Nakuru, Kenya, Africa, World"" ."," ""Nakuru, Kenya, ... World"" .", <http://vocab.getty.edu/aat/300000810, <http://vocab.getty.edu/tgn/term/1001215197,,
7059178," ""Koobi Fora"" .",, <http://vocab.getty.edu/aat/300000810," ""Marsabit, Kenya, Africa, World"" ."," ""Marsabit, Kenya, ... World"" .",, <http://vocab.getty.edu/tgn/term/1001259949, 3.95, 36.216
7059194," ""Hyrax Hill"" .",, <http://vocab.getty.edu/aat/300000810; <http://vocab.getty.edu/aat/300387006," ""Nakuru, Kenya, Africa, World"" ."," ""Nakuru, Kenya, ... World"" .", <http://vocab.getty.edu/aat/300000810, <http://vocab.getty.edu/tgn/term/1001259984,,
7059200," ""Gede"" ."," ""Gedi"" .", <http://vocab.getty.edu/aat/300008347," ""Kilifi, Kenya, Africa, World"" ."," ""Kilifi, Kenya, ... World"" .",, <http://vocab.getty.edu/tgn/term/1001260000, -3.3, 40.016
7059201," ""Gede Ruins"" ."," ""Gedi Ruins"" .; ""Gedi"" .", <http://vocab.getty.edu/aat/300008347; <http://vocab.getty.edu/aat/300008057," ""Kilifi, Kenya, Africa, World"" ."," ""Kilifi, Kenya, ... World"" .", <http://vocab.getty.edu/aat/300008347, <http://vocab.getty.edu/tgn/term/1001260001, -3.3, 40.016
7593757," ""Baringo"" ."," ""Baringo County"" .", <http://vocab.getty.edu/aat/300387064; <http://vocab.getty.edu/aat/300000771," ""Kenya, Africa, World"" ."," ""Kenya, Africa, World"" .", <http://vocab.getty.edu/aat/300387064, <http://vocab.getty.edu/tgn/term/1002198981, .683, 35.933
7593758," ""Bomet"" ."," ""Bomet County"" .", <http://vocab.getty.edu/aat/300387064; <http://vocab.getty.edu/aat/300000771," ""Kenya, Africa, World"" ."," ""Kenya, Africa, World"" .", <http://vocab.getty.edu/aat/300387064, <http://vocab.getty.edu/tgn/term/1002198983, -.716, 35.3
7593759," ""Bungoma"" ."," ""Bungoma County"" .", <http://vocab.getty.edu/aat/300387064; <http://vocab.getty.edu/aat/300000771," ""Kenya, Africa, World"" ."," ""Kenya, Africa, World"" .", <http://vocab.getty.edu/aat/300387064, <http://vocab.getty.edu/tgn/term/1002198985, .75, 34.633
7593760," ""Busia"" ."," ""Busia County"" .", <http://vocab.getty.edu/aat/300387064; <http://vocab.getty.edu/aat/300000771," ""Kenya, Africa, World"" ."," ""Kenya, Africa, World"" .", <http://vocab.getty.edu/aat/300387064, <http://vocab.getty.edu/tgn/term/1002198987, .4, 34.2
7593761," ""Elgeyo/Marakwet"" ."," ""Elgeyo/Marakwet County"" .; ""Elgeyo-Marakwet District"" .", <http://vocab.getty.edu/aat/300387064; <http://vocab.getty.edu/aat/300000771," ""Kenya, Africa, World"" ."," ""Kenya, Africa, World"" .", <http://vocab.getty.edu/aat/300387064, <http://vocab.getty.edu/tgn/term/1002198989, .8, 35.566
7593762," ""Embu"" ."," ""Embu County"" .", <http://vocab.getty.edu/aat/300387064; <http://vocab.getty.edu/aat/300000771," ""Kenya, Africa, World"" ."," ""Kenya, Africa, World"" .", <http://vocab.getty.edu/aat/300387064, <http://vocab.getty.edu/tgn/term/1002198992, -.616, 37.65
7593763," ""Garissa"" ."," ""Garissa County"" .", <http://vocab.getty.edu/aat/300387064; <http://vocab.getty.edu/aat/300000771," ""Kenya, Africa, World"" ."," ""Kenya, Africa, World"" .", <http://vocab.getty.edu/aat/300387064, <http://vocab.getty.edu/tgn/term/1002198994, -.5, 40.25
7593764," ""Homa Bay"" ."," ""Homa Bay County"" .", <http://vocab.getty.edu/aat/300387064; <http://vocab.getty.edu/aat/300000771," ""Kenya, Africa, World"" ."," ""Kenya, Africa, World"" .", <http://vocab.getty.edu/aat/300387064, <http://vocab.getty.edu/tgn/term/1002198996, -.6, 34.416
7593765," ""Isiolo"" ."," ""Isiolo County"" .", <http://vocab.getty.edu/aat/300387064; <http://vocab.getty.edu/aat/300000771," ""Kenya, Africa, World"" ."," ""Kenya, Africa, World"" .", <http://vocab.getty.edu/aat/300387064, <http://vocab.getty.edu/tgn/term/1002198998, .983, 38.533
7593766," ""Kajiado"" ."," ""Kajiado County"" .", <http://vocab.getty.edu/aat/300387064; <http://vocab.getty.edu/aat/300000771," ""Kenya, Africa, World"" ."," ""Kenya, Africa, World"" .", <http://vocab.getty.edu/aat/300387064, <http://vocab.getty.edu/tgn/term/1002199000, -2.133, 36.916
7593767," ""Kakamega"" ."," ""Kakamega County"" .", <http://vocab.getty.edu/aat/300387064; <http://vocab.getty.edu/aat/300000771," ""Kenya, Africa, World"" ."," ""Kenya, Africa, World"" .", <http://vocab.getty.edu/aat/300387064, <http://vocab.getty.edu/tgn/term/1002199002, .416, 34.75
7593768," ""Kericho"" ."," ""Kericho County"" .", <http://vocab.getty.edu/aat/300387064; <http://vocab.getty.edu/aat/300000771," ""Kenya, Africa, World"" ."," ""Kenya, Africa, World"" .", <http://vocab.getty.edu/aat/300387064, <http://vocab.getty.edu/tgn/term/1002199004, -.316, 35.3
7593769," ""Kiambu"" ."," ""Kiambu County"" .", <http://vocab.getty.edu/aat/300387064; <http://vocab.getty.edu/aat/300000771," ""Kenya, Africa, World"" ."," ""Kenya, Africa, World"" .", <http://vocab.getty.edu/aat/300387064, <http://vocab.getty.edu/tgn/term/1002199006, -1.066, 36.816
7593770," ""Kilifi"" ."," ""Kilifi County"" .", <http://vocab.getty.edu/aat/300387064; <http://vocab.getty.edu/aat/300000771," ""Kenya, Africa, World"" ."," ""Kenya, Africa, World"" .", <http://vocab.getty.edu/aat/300387064, <http://vocab.getty.edu/tgn/term/1002199008, -3.166, 39.7
7593771," ""Kirinyaga"" ."," ""Kirinyaga County"" .", <http://vocab.getty.edu/aat/300387064; <http://vocab.getty.edu/aat/300000771," ""Kenya, Africa, World"" ."," ""Kenya, Africa, World"" .", <http://vocab.getty.edu/aat/300387064, <http://vocab.getty.edu/tgn/term/1002199010, -.533, 37.316
7593772," ""Kisii"" ."," ""Kisii County"" .", <http://vocab.getty.edu/aat/300387064; <http://vocab.getty.edu/aat/300000771," ""Kenya, Africa, World"" ."," ""Kenya, Africa, World"" .", <http://vocab.getty.edu/aat/300387064, <http://vocab.getty.edu/tgn/term/1002199012, -.783, 34.766
7593773," ""Kisumu"" ."," ""Kisumu County"" .", <http://vocab.getty.edu/aat/300387064; <http://vocab.getty.edu/aat/300000771," ""Kenya, Africa, World"" ."," ""Kenya, Africa, World"" .", <http://vocab.getty.edu/aat/300387064, <http://vocab.getty.edu/tgn/term/1002199014, -.166, 34.916
7593774," ""Kitui"" ."," ""Kitui County"" .", <http://vocab.getty.edu/aat/300387064; <http://vocab.getty.edu/aat/300000771," ""Kenya, Africa, World"" ."," ""Kenya, Africa, World"" .", <http://vocab.getty.edu/aat/300387064, <http://vocab.getty.edu/tgn/term/1002199016, -1.5, 38.4
7593775," ""Kwale"" ."," ""Kwale County"" .", <http://vocab.getty.edu/aat/300387064; <http://vocab.getty.edu/aat/300000771," ""Kenya, Africa, World"" ."," ""Kenya, Africa, World"" .", <http://vocab.getty.edu/aat/300387064, <http://vocab.getty.edu/tgn/term/1002199018, -4.133, 39.2
7593776," ""Laikipia"" ."," ""Laikipia County"" .", <http://vocab.getty.edu/aat/300387064; <http://vocab.getty.edu/aat/300000771," ""Kenya, Africa, World"" ."," ""Kenya, Africa, World"" .", <http://vocab.getty.edu/aat/300387064, <http://vocab.getty.edu/tgn/term/1002199020, .333, 36.766
7593777," ""Lamu"" ."," ""Lamu County"" .", <http://vocab.getty.edu/aat/300387064; <http://vocab.getty.edu/aat/300000771," ""Kenya, Africa, World"" ."," ""Kenya, Africa, World"" .", <http://vocab.getty.edu/aat/300387064, <http://vocab.getty.edu/tgn/term/1002199022, -2.033, 40.783
7593778," ""Machakos"" ."," ""Machakos County"" .", <http://vocab.getty.edu/aat/300387064; <http://vocab.getty.edu/aat/300000771," ""Kenya, Africa, World"" ."," ""Kenya, Africa, World"" .", <http://vocab.getty.edu/aat/300387064, <http://vocab.getty.edu/tgn/term/1002199024, -1.283, 37.416
7593779," ""Makueni"" ."," ""Makueni County"" .", <http://vocab.getty.edu/aat/300387064; <http://vocab.getty.edu/aat/300000771," ""Kenya, Africa, World"" ."," ""Kenya, Africa, World"" .", <http://vocab.getty.edu/aat/300387064, <http://vocab.getty.edu/tgn/term/1002199026, -2.15, 37.783
7593780," ""Mandera"" ."," ""Mandera County"" .", <http://vocab.getty.edu/aat/300387064; <http://vocab.getty.edu/aat/300000771," ""Kenya, Africa, World"" ."," ""Kenya, Africa, World"" .", <http://vocab.getty.edu/aat/300387064, <http://vocab.getty.edu/tgn/term/1002199028, 3.366, 40.7
7593781," ""Marsabit"" ."," ""Marsabit County"" .", <http://vocab.getty.edu/aat/300387064; <http://vocab.getty.edu/aat/300000771," ""Kenya, Africa, World"" ."," ""Kenya, Africa, World"" .", <http://vocab.getty.edu/aat/300387064, <http://vocab.getty.edu/tgn/term/1002199030, 2.966, 37.6
7593782," ""Meru"" ."," ""Meru County"" .", <http://vocab.getty.edu/aat/300387064; <http://vocab.getty.edu/aat/300000771," ""Kenya, Africa, World"" ."," ""Kenya, Africa, World"" .", <http://vocab.getty.edu/aat/300387064, <http://vocab.getty.edu/tgn/term/1002199032, .05, 37.566
7593783," ""Migori"" ."," ""Migori County"" .", <http://vocab.getty.edu/aat/300387064; <http://vocab.getty.edu/aat/300000771," ""Kenya, Africa, World"" ."," ""Kenya, Africa, World"" .", <http://vocab.getty.edu/aat/300387064, <http://vocab.getty.edu/tgn/term/1002199034, -1, 34.433
7593784," ""Mombasa"" ."," ""Mombasa County"" .", <http://vocab.getty.edu/aat/300387064; <http://vocab.getty.edu/aat/300000771," ""Kenya, Africa, World"" ."," ""Kenya, Africa, World"" .", <http://vocab.getty.edu/aat/300387064, <http://vocab.getty.edu/tgn/term/1002199036, -4, 39.666
7593785," ""Murang'a"" ."," ""Murang'a County"" .", <http://vocab.getty.edu/aat/300387064; <http://vocab.getty.edu/aat/300000771," ""Kenya, Africa, World"" ."," ""Kenya, Africa, World"" .", <http://vocab.getty.edu/aat/300387064, <http://vocab.getty.edu/tgn/term/1002199038, -.816, 37.033
7593786," ""Nairobi City"" ."," ""Nairobi City County"" .", <http://vocab.getty.edu/aat/300387064; <http://vocab.getty.edu/aat/300000771," ""Kenya, Africa, World"" ."," ""Kenya, Africa, World"" .", <http://vocab.getty.edu/aat/300387064, <http://vocab.getty.edu/tgn/term/1002199040, -1.283, 36.833
7593787," ""Nakuru"" ."," ""Nakuru County"" .", <http://vocab.getty.edu/aat/300387064; <http://vocab.getty.edu/aat/300000771," ""Kenya, Africa, World"" ."," ""Kenya, Africa, World"" .", <http://vocab.getty.edu/aat/300387064, <http://vocab.getty.edu/tgn/term/1002199042, -.466, 36.083
7593788," ""Nandi"" ."," ""Nandi County"" .", <http://vocab.getty.edu/aat/300387064; <http://vocab.getty.edu/aat/300000771," ""Kenya, Africa, World"" ."," ""Kenya, Africa, World"" .", <http://vocab.getty.edu/aat/300387064, <http://vocab.getty.edu/tgn/term/1002199044, .183, 35.116
7593789," ""Narok"" ."," ""Narok County"" .", <http://vocab.getty.edu/aat/300387064; <http://vocab.getty.edu/aat/300000771," ""Kenya, Africa, World"" ."," ""Kenya, Africa, World"" .", <http://vocab.getty.edu/aat/300387064, <http://vocab.getty.edu/tgn/term/1002199046, -1.25, 35.566
7593790," ""Nyamira"" ."," ""Nyamira County"" .", <http://vocab.getty.edu/aat/300387064; <http://vocab.getty.edu/aat/300000771," ""Kenya, Africa, World"" ."," ""Kenya, Africa, World"" .", <http://vocab.getty.edu/aat/300387064, <http://vocab.getty.edu/tgn/term/1002199048, -.65, 34.966
7593791," ""Nyandarua"" ."," ""Nyandarua County"" .", <http://vocab.getty.edu/aat/300387064; <http://vocab.getty.edu/aat/300000771," ""Kenya, Africa, World"" ."," ""Kenya, Africa, World"" .", <http://vocab.getty.edu/aat/300387064, <http://vocab.getty.edu/tgn/term/1002199050, -.316, 36.483
7593792," ""Nyeri"" ."," ""Nyeri County"" .", <http://vocab.getty.edu/aat/300387064; <http://vocab.getty.edu/aat/300000771," ""Kenya, Africa, World"" ."," ""Kenya, Africa, World"" .", <http://vocab.getty.edu/aat/300387064, <http://vocab.getty.edu/tgn/term/1002199052, -.383, 36.966
7593793," ""Samburu"" ."," ""Samburu County"" .", <http://vocab.getty.edu/aat/300387064; <http://vocab.getty.edu/aat/300000771," ""Kenya, Africa, World"" ."," ""Kenya, Africa, World"" .", <http://vocab.getty.edu/aat/300387064, <http://vocab.getty.edu/tgn/term/1002199054, 1.333, 37.116
7593794," ""Siaya"" ."," ""Siaya County"" .", <http://vocab.getty.edu/aat/300387064; <http://vocab.getty.edu/aat/300000771," ""Kenya, Africa, World"" ."," ""Kenya, Africa, World"" .", <http://vocab.getty.edu/aat/300387064, <http://vocab.getty.edu/tgn/term/1002199056, -.016, 34.283
7593795," ""Taita/Taveta"" ."," ""Taita/Taveta County"" .", <http://vocab.getty.edu/aat/300387064; <http://vocab.getty.edu/aat/300000771," ""Kenya, Africa, World"" ."," ""Kenya, Africa, World"" .", <http://vocab.getty.edu/aat/300387064, <http://vocab.getty.edu/tgn/term/1002199058, -3.433, 38.433
7593796," ""Tana River"" ."," ""Tana River County"" .", <http://vocab.getty.edu/aat/300387064; <http://vocab.getty.edu/aat/300000771," ""Kenya, Africa, World"" ."," ""Kenya, Africa, World"" .", <http://vocab.getty.edu/aat/300387064, <http://vocab.getty.edu/tgn/term/1002199060, -1.533, 39.416
7593797," ""Tharaka-Nithi"" ."," ""Tharaka-Nithi County"" .", <http://vocab.getty.edu/aat/300387064; <http://vocab.getty.edu/aat/300000771," ""Kenya, Africa, World"" ."," ""Kenya, Africa, World"" .", <http://vocab.getty.edu/aat/300387064, <http://vocab.getty.edu/tgn/term/1002199062, -.2, 37.933
7593798," ""Trans Nzoia"" ."," ""Trans Nzoia County"" .", <http://vocab.getty.edu/aat/300387064; <http://vocab.getty.edu/aat/300000771," ""Kenya, Africa, World"" ."," ""Kenya, Africa, World"" .", <http://vocab.getty.edu/aat/300387064, <http://vocab.getty.edu/tgn/term/1002199064, 1.05, 34.95
7593799," ""Turkana"" ."," ""Turkana County"" .", <http://vocab.getty.edu/aat/300387064; <http://vocab.getty.edu/aat/300000771," ""Kenya, Africa, World"" ."," ""Kenya, Africa, World"" .", <http://vocab.getty.edu/aat/300387064, <http://vocab.getty.edu/tgn/term/1002199066, 3.2, 35.466
7593800," ""Uasin Gishu"" ."," ""Uasin Gishu County"" .", <http://vocab.getty.edu/aat/300387064; <http://vocab.getty.edu/aat/300000771," ""Kenya, Africa, World"" ."," ""Kenya, Africa, World"" .", <http://vocab.getty.edu/aat/300387064, <http://vocab.getty.edu/tgn/term/1002199068, .5, 35.316
7593801," ""Vihiga"" ."," ""Vihiga County"" .", <http://vocab.getty.edu/aat/300387064; <http://vocab.getty.edu/aat/300000771," ""Kenya, Africa, World"" ."," ""Kenya, Africa, World"" .", <http://vocab.getty.edu/aat/300387064, <http://vocab.getty.edu/tgn/term/1002199070, .083, 34.716
7593802," ""Wajir"" ."," ""Wajir County"" .", <http://vocab.getty.edu/aat/300387064; <http://vocab.getty.edu/aat/300000771," ""Kenya, Africa, World"" ."," ""Kenya, Africa, World"" .", <http://vocab.getty.edu/aat/300387064, <http://vocab.getty.edu/tgn/term/1002199072, 1.75, 40.016
7593803," ""West Pokot"" ."," ""West Pokot County"" .", <http://vocab.getty.edu/aat/300387064; <http://vocab.getty.edu/aat/300000771," ""Kenya, Africa, World"" ."," ""Kenya, Africa, World"" .", <http://vocab.getty.edu/aat/300387064, <http://vocab.getty.edu/tgn/term/1002199074, 1.75, 35.25
